input_state,input_number_to_generate,output_content_type,output_content_value
Montana,12,addresses,"[427, '8TH AVE N', nan, 'HAVRE', nan, 'MT', 59501]"
Montana,12,addresses,"[15, 'ANTELOPE LN', nan, 'NASHUA', nan, 'MT', 59248]"
Montana,12,addresses,"[499, 'WARP DR', nan, 'CORVALLIS', nan, 'MT', 59828]"
Montana,12,addresses,"[7, 'HEREFORD LN', nan, 'GOLD CREEK', nan, 'MT', 59733]"
Montana,12,addresses,"[2525, 'BUFFALO TRAIL RD', nan, 'MOLT', nan, 'MT', 59057]"
Montana,12,addresses,"[502, '31ST ST W', nan, 'BILLINGS', nan, 'MT', 59102]"
Montana,12,addresses,"[519, 'WOODFORD ST', nan, 'MISSOULA', nan, 'MT', 59801]"
Montana,12,addresses,"[901, 'EDITH ST', nan, 'MISSOULA', nan, 'MT', 59801]"
Montana,12,addresses,"[1325, 'DEFOE ST', nan, 'MISSOULA', nan, 'MT', 59802]"
Montana,12,addresses,"[3150, 'N SANDERS ST', nan, 'HELENA', nan, 'MT', 59602]"
Montana,12,addresses,"[370, 'WOODLAND RD', nan, 'COLUMBIA FALLS', nan, 'MT', 59912]"
Montana,12,addresses,"[195, 'BURKE LN', nan, 'COLUMBIA FALLS', nan, 'MT', 59912]"
